OrganizationName,PolicyName,DeviceRole
Apex Industries,New York City,Windows Desktop
Apex Industries,Los Angeles,Windows Desktop
Apex Industries,Vancouver,Windows Desktop
Blue Horizon Corporation,Toronto,Windows Desktop
Blue Horizon Corporation,Dallas,Windows Desktop
Blue Horizon Corporation,Atlanta,Windows Desktop
Coastal Ventures,Los Angeles,Windows Desktop
Coastal Ventures,Miami,Windows Desktop
Coastal Ventures,Seattle,Windows Desktop
Dynamic Innovations,Chicago,Windows Desktop
Dynamic Innovations,San Francisco,Windows Desktop
Dynamic Innovations,Boston,Windows Desktop
Elite Enterprises,Houston,Windows Desktop
Elite Enterprises,New York City,Windows Desktop
Elite Enterprises,Denver,Windows Desktop
Future Frontier Inc.,Vancouver,Windows Desktop
Future Frontier Inc.,Portland,Windows Desktop
Future Frontier Inc.,Seattle,Windows Desktop
Global Solutions Group,Miami,Windows Desktop
Global Solutions Group,Toronto,Windows Desktop
Global Solutions Group,San Diego,Windows Desktop
Horizon Enterprises,Dallas,Windows Desktop
Horizon Enterprises,Atlanta,Windows Desktop
Horizon Enterprises,Calgary,Windows Desktop
Infinity Enterprises,Atlanta,Windows Desktop
Infinity Enterprises,Montreal,Windows Desktop
Infinity Enterprises,San Diego,Windows Desktop
Jumbo Corp,Montreal,Windows Desktop
Jumbo Corp,Austin,Windows Desktop
Jumbo Corp,New Orleans,Windows Desktop
Kinetic Ventures,San Francisco,Windows Desktop
Kinetic Ventures,Charlotte,Windows Desktop
Kinetic Ventures,Winnipeg,Windows Desktop
Lighthouse Industries,Seattle,Windows Desktop
Lighthouse Industries,Orlando,Windows Desktop
Lighthouse Industries,St. Louis,Windows Desktop
Maxx Holdings,Boston,Windows Desktop
Maxx Holdings,Denver,Windows Desktop
Maxx Holdings,Kansas City,Windows Desktop
Nexa Enterprises,Phoenix,Windows Desktop
Nexa Enterprises,Baltimore,Windows Desktop
Nexa Enterprises,Sacramento,Windows Desktop
Omega Corporation,Denver,Windows Desktop
Omega Corporation,Miami,Windows Desktop
Omega Corporation,Pittsburgh,Windows Desktop
Phoenix Innovations,Washington D.C.,Windows Desktop
Phoenix Innovations,New York City,Windows Desktop
Phoenix Innovations,Dallas,Windows Desktop
Quantum Enterprises,Calgary,Windows Desktop
Quantum Enterprises,Columbus,Windows Desktop
Quantum Enterprises,San Francisco,Windows Desktop
Refined Solutions Inc.,Minneapolis,Windows Desktop
Refined Solutions Inc.,Portland,Windows Desktop
Refined Solutions Inc.,Austin,Windows Desktop
Stellar Ventures,Philadelphia,Windows Desktop
Stellar Ventures,Vancouver,Windows Desktop
Stellar Ventures,Salt Lake City,Windows Desktop
Titan Industries,San Diego,Windows Desktop
Titan Industries,Houston,Windows Desktop
Titan Industries,Nashville,Windows Desktop
United Business Group,Detroit,Windows Desktop
United Business Group,San Francisco,Windows Desktop
United Business Group,Tampa,Windows Desktop
Visionary Ventures,Portland,Windows Desktop
Visionary Ventures,Atlanta,Windows Desktop
Visionary Ventures,Toronto,Windows Desktop
Waverider Industries,Las Vegas,Windows Desktop
Waverider Industries,New Orleans,Windows Desktop
Waverider Industries,Phoenix,Windows Desktop
Xtra Mile Corporation,Austin,Windows Desktop
Xtra Mile Corporation,Cleveland,Windows Desktop
Xtra Mile Corporation,Orlando,Windows Desktop
Yonder Ventures,Nashville,Windows Desktop
Yonder Ventures,Winnipeg,Windows Desktop
Yonder Ventures,Seattle,Windows Desktop
Zenith Corporation,Charlotte,Windows Desktop
Zenith Corporation,Oklahoma City,Windows Desktop
Zenith Corporation,San Francisco,Windows Desktop
Alpha Enterprises,Edmonton,Windows Desktop
Alpha Enterprises,Seattle,Windows Desktop
Alpha Enterprises,Montreal,Windows Desktop
Beacon Innovations,New Orleans,Windows Desktop
Beacon Innovations,Minneapolis,Windows Desktop
Beacon Innovations,Columbus,Windows Desktop
Cascade Enterprises,Winnipeg,Windows Desktop
Cascade Enterprises,San Francisco,Windows Desktop
Cascade Enterprises,Dallas,Windows Desktop
Delta Industries,Indianapolis,Windows Desktop
Delta Industries,Boston,Windows Desktop
Delta Industries,Denver,Windows Desktop
Elevation Ventures,Pittsburgh,Windows Desktop
Elevation Ventures,Sacramento,Windows Desktop
Elevation Ventures,Toronto,Windows Desktop
Freedom Corporation,St. Louis,Windows Desktop
Freedom Corporation,Atlanta,Windows Desktop
Freedom Corporation,San Diego,Windows Desktop
Grandiose Enterprises,Cincinnati,Windows Desktop
Grandiose Enterprises,Washington D.C.,Windows Desktop
Grandiose Enterprises,Seattle,Windows Desktop
Horizon Holdings,Baltimore,Windows Desktop
Horizon Holdings,Los Angeles,Windows Desktop
Horizon Holdings,Kansas City,Windows Desktop
Zenith Solutions Group,Austin,Windows Desktop
Alpha Innovations,Nashville,Windows Desktop
Beacon Enterprises,Charlotte,Windows Desktop
Cascade Solutions Group,Winnipeg,Windows Desktop
Delta Innovations,Indianapolis,Windows Desktop
Elevation Holdings,Pittsburgh,Windows Desktop
Freedom Innovations,St. Louis,Windows Desktop
Grandiose Solutions Group,Cincinnati,Windows Desktop
Horizon Ventures,Baltimore,Windows Desktop
Iconic Enterprises,Salt Lake City,Windows Desktop
Jolt Innovations,Kansas City,Windows Desktop
Keystone Ventures,Raleigh,Windows Desktop
Legacy Solutions Group,Columbus,Windows Desktop
Matrix Enterprises,San Antonio,Windows Desktop
New Age Innovations,Orlando,Windows Desktop
Oasis Holdings,Tampa,Windows Desktop
Phoenix Industries,Oklahoma City,Windows Desktop
Quantum Innovations,Sacramento,Windows Desktop
Radiant Solutions Group,Cleveland,Windows Desktop
Sapphire Enterprises,Montreal,Windows Desktop
